<?xml version="1.0" ?>
<root>
        <MergeSubDirs>False</MergeSubDirs>
        <PixelSize>0.62</PixelSize>
		<ImagesPerDir>1000</ImagesPerDir>
        <BayerPattern>RG</BayerPattern>
        <ObjectsPerROI>1</ObjectsPerROI>
        <EdgeThreshold>2.5</EdgeThreshold>
        <MinObjectArea>100</MinObjectArea>
        <Deconvolve>True</Deconvolve>
        <DeconvolveMethod>um</DeconvolveMethod>
        <DeconvolveIterations>13</DeconvolveIterations>
        <DeconvolveMaskWeight>0.7</DeconvolveMaskWeight>
        <UseJpeg>True</UseJpeg>
        <SaveRawColor>True</SaveRawColor>
        <OutputDir>\\eaw-data.eawag.wroot.emp-eaw.ch\AquaScope_data$\latest_processed_data\5p0xMAG\</OutputDir>
</root>
